3, "Betty", "MITCHELL", 1994-04-22 00:00:00, 1579692290.0498228, unknown, "travail avec le fils au super maché"
4, "Betty", "MARTIN", 1966-03-15 00:00:00, 1580617364.9252658, 3, "travail avec des copines à la campagne"
9, "Gary", "BAILEY", 1995-10-15 00:00:00, 1583490909.9501772, 4, "apéro avec les enfants à la salle de gym"
10, "Katherine", "ANDERSON", 1966-11-11 00:00:00, 1583886032.5167565, unknown, "basket avec le copain à la campagne"
11, "George", "SMITH", 1938-03-17 00:00:00, 1584246751.1584413, unknown, "travail avec la mère à la salle de gym"
21, "Ronald", "WILSON", 2004-09-15 00:00:00, 1586759577.541668, unknown, "escalade avec ma fille au marché"
23, "Thomas", "SANDERS", 2009-08-16 00:00:00, 1587120296.1833527, 10, "promenade avec ma fille en grande surface"
24, "Michael", "CARTER", 1948-08-10 00:00:00, 1587289529.8505313, 21, "apéro avec une copine à la campagne"
25, "Brian", "FLORES", 1939-10-24 00:00:00, 1587452125.1669605, 3, "handball avec le chien en ville"
28, "Kathleen", "GARCIA", 2011-11-19 00:00:00, 1587904827.1196632, 25, "handball avec le père à la campagne"
30, "James", "EDWARDS", 1921-02-03 00:00:00, 1588181306.1601467, 10, "apéro avec le père à la campagne"
32, "Kelly", "COOPER", 1948-02-05 00:00:00, 1588440493.625375, 4, "sport avec des copines à la campagne"
36, "Elizabeth", "MORGAN", 1960-10-18 00:00:00, 1588914798.8013113, unknown, "escalade avec la fille en ville"
