3, "Nancy", "PEREZ", 1993-11-09 00:00:00, 1579692290.0498228, unknown, "travail avec le fils au super mache"
4, "Betty", "MARTIN", 1966-03-15 00:00:00, 1580617364.9252658, 3, "travail avec des copines a la campagne"
9, "Gary", "BAILEY", 1995-10-15 00:00:00, 1583490909.9501772, 4, "apero avec les enfants a la salle de gym"
10, "Katherine", "ANDERSON", 1966-11-11 00:00:00, 1583886032.5167565, 4, "escalade avec ma fille en grande surface"
11, "Michael", "CASTILLO", 1938-03-17 00:00:00, 1584246751.1584413, 9, "travail avec des copains au super mache"
21, "Kenneth", "SANCHEZ", 1984-03-14 00:00:00, 1586759577.541668, 9, "kung-fu avec ma mere en ville"
23, "Emily", "MORALES", 2002-07-02 00:00:00, 1587120296.1833527, 10, "promenade avec la copine au marche"
24, "George", "WRIGHT", 1972-12-26 00:00:00, 1587289529.8505313, 21, "kung-fu avec la fille a la campagne"
25, "Donald", "CLARK", 1980-09-02 00:00:00, 1587452125.1669605, 21, "promenade avec le chien au super mache"
28, "Melissa", "BROOKS", 1981-06-09 00:00:00, 1587904827.1196632, 21, "velo avec le pere en grande surface"
30, "Cynthia", "ALLEN", 1949-02-08 00:00:00, 1588181306.1601467, 11, "course a pieds avec un copain au super mache"
32, "Aaron", "WILSON", 1999-02-24 00:00:00, 1588440493.625375, 9, "basket avec la mere au super mache"
36, "Justin", "BELL", 2006-03-02 00:00:00, 1588914798.8013113, 21, "promenade avec la grand-mere a la campagne"
